ds,trend,yhat_lower,yhat_upper,trend_lower,trend_upper,additive_terms,additive_terms_lower,additive_terms_upper,yearly,yearly_lower,yearly_upper,multiplicative_terms,multiplicative_terms_lower,multiplicative_terms_upper,yhat
1900-01-01,0.7244600079311423,-0.8600045720399665,1.1644232412958844,0.7244600079311423,0.7244600079311423,-0.5690127052160987,-0.5690127052160987,-0.5690127052160987,-0.5690127052160987,-0.5690127052160987,-0.5690127052160987,0.0,0.0,0.0,0.1554473027150436
1901-01-01,0.7227501685499921,-0.9099140975549972,1.1885941414377095,0.7227501685499921,0.7227501685499921,-0.5850868581396543,-0.5850868581396543,-0.5850868581396543,-0.5850868581396543,-0.5850868581396543,-0.5850868581396543,0.0,0.0,0.0,0.13766331041033775
1902-01-01,0.7210403291688419,-0.8988365833424562,1.198926707485616,0.7210403291688419,0.7210403291688419,-0.6007524366528093,-0.6007524366528093,-0.6007524366528093,-0.6007524366528093,-0.6007524366528093,-0.6007524366528093,0.0,0.0,0.0,0.12028789251603256
1903-01-01,0.7193304897876918,-0.8769018236375244,1.1394497747573378,0.7193304897876918,0.7193304897876918,-0.6159903811491333,-0.6159903811491333,-0.6159903811491333,-0.6159903811491333,-0.6159903811491333,-0.6159903811491333,0.0,0.0,0.0,0.10334010863855847
1904-01-01,0.7176206504065415,-0.8949493310906838,1.1607558744960853,0.7176206504065415,0.7176206504065415,-0.6307821523203005,-0.6307821523203005,-0.6307821523203005,-0.6307821523203005,-0.6307821523203005,-0.6307821523203005,0.0,0.0,0.0,0.086838498086241
1905-01-01,0.7159061265240503,-0.8259555899895925,1.2224706512518275,0.7159061265240503,0.7159061265240503,-0.585086858139505,-0.585086858139505,-0.585086858139505,-0.585086858139505,-0.585086858139505,-0.585086858139505,0.0,0.0,0.0,0.13081926838454527
1906-01-01,0.7141962871330414,-0.9726938913913946,1.1151548707473478,0.7141962871330414,0.7141962871330414,-0.6007524366527149,-0.6007524366527149,-0.6007524366527149,-0.6007524366527149,-0.6007524366527149,-0.6007524366527149,0.0,0.0,0.0,0.11344385048032646
1907-01-01,0.7124864477420324,-0.9323620791561218,1.100420415638523,0.7124864477420324,0.7124864477420324,-0.6159903811493005,-0.6159903811493005,-0.6159903811493005,-0.6159903811493005,-0.6159903811493005,-0.6159903811493005,0.0,0.0,0.0,0.09649606659273191
1908-01-01,0.7107766083510233,-0.9303346549333404,1.1827274599847213,0.7107766083510233,0.7107766083510233,-0.6307821523201839,-0.6307821523201839,-0.6307821523201839,-0.6307821523201839,-0.6307821523201839,-0.6307821523201839,0.0,0.0,0.0,0.07999445603083943
1909-01-01,0.709062084375681,-0.8438644305185563,1.1452649107653863,0.709062084375681,0.709062084375681,-0.5850868581394496,-0.5850868581394496,-0.5850868581394496,-0.5850868581394496,-0.5850868581394496,-0.5850868581394496,0.0,0.0,0.0,0.12397522623623136
1910-01-01,0.7073522448920745,-0.8850896650970144,1.059493011642523,0.7073522448920745,0.7073522448920745,-0.6007524366529288,-0.6007524366529288,-0.6007524366529288,-0.6007524366529288,-0.6007524366529288,-0.6007524366529288,0.0,0.0,0.0,0.10659980823914572
1911-01-01,0.7056424054084679,-0.8557992503802134,1.1873865892139899,0.7056424054084679,0.7056424054084679,-0.6159903811492251,-0.6159903811492251,-0.6159903811492251,-0.6159903811492251,-0.6159903811492251,-0.6159903811492251,0.0,0.0,0.0,0.08965202425924279
1912-01-01,0.7039325659248615,-0.8869012809597876,1.0555190555016731,0.7039325659248615,0.7039325659248615,-0.6307821523201608,-0.6307821523201608,-0.6307821523201608,-0.6307821523201608,-0.6307821523201608,-0.6307821523201608,0.0,0.0,0.0,0.07315041360470076
1913-01-01,0.7022180419692752,-0.820907617209855,1.1092821512384314,0.7022180419692752,0.7022180419692752,-0.5850868581394709,-0.5850868581394709,-0.5850868581394709,-0.5850868581394709,-0.5850868581394709,-0.5850868581394709,0.0,0.0,0.0,0.11713118382980425
1914-01-01,0.7005082025053708,-0.9807974626132783,1.1030174663816856,0.7005082025053708,0.7005082025053708,-0.600752436652843,-0.600752436652843,-0.600752436652843,-0.600752436652843,-0.600752436652843,-0.600752436652843,0.0,0.0,0.0,0.09975576585252788
1915-01-01,0.6987983630414664,-1.0052044595276062,1.0424766663849512,0.6987983630414664,0.6987983630414664,-0.6159903811492903,-0.6159903811492903,-0.6159903811492903,-0.6159903811492903,-0.6159903811492903,-0.6159903811492903,0.0,0.0,0.0,0.08280798189217609
1916-01-01,0.6970885235775619,-0.9109604480066313,1.0479061861924717,0.6970885235775619,0.6970885235775619,-0.6307821523202234,-0.6307821523202234,-0.6307821523202234,-0.6307821523202234,-0.6307821523202234,-0.6307821523202234,0.0,0.0,0.0,0.06630637125733851
1917-01-01,0.6953739998862444,-0.9336282467642194,1.1561535183815814,0.6953739998862444,0.6953739998862444,-0.5850868581394221,-0.5850868581394221,-0.5850868581394221,-0.5850868581394221,-0.5850868581394221,-0.5850868581394221,0.0,0.0,0.0,0.1102871417468223
1918-01-01,0.6936641606858865,-0.903792587967495,1.1573111301908185,0.6936641606858865,0.6936641606858865,-0.6007524366526955,-0.6007524366526955,-0.6007524366526955,-0.6007524366526955,-0.6007524366526955,-0.6007524366526955,0.0,0.0,0.0,0.09291172403319103
1919-01-01,0.6919543214855287,-0.9627490815063939,1.0345378200289277,0.6919543214855287,0.6919543214855287,-0.6159903811492301,-0.6159903811492301,-0.6159903811492301,-0.6159903811492301,-0.6159903811492301,-0.6159903811492301,0.0,0.0,0.0,0.07596394033629861
1920-01-01,0.6902444822851711,-0.9640176129145335,1.016214289208083,0.6902444822851711,0.6902444822851711,-0.630782152320229,-0.630782152320229,-0.630782152320229,-0.630782152320229,-0.630782152320229,-0.630782152320229,0.0,0.0,0.0,0.05946232996494205
1921-01-01,0.6885299585596729,-0.9104411308260278,1.1017743940639557,0.6885299585596729,0.6885299585596729,-0.5850868581394902,-0.5850868581394902,-0.5850868581394902,-0.5850868581394902,-0.5850868581394902,-0.5850868581394902,0.0,0.0,0.0,0.10344310042018268
1922-01-01,0.686820119325228,-0.86160105000242,1.2129527752650733,0.686820119325228,0.686820119325228,-0.6007524366528235,-0.6007524366528235,-0.6007524366528235,-0.6007524366528235,-0.6007524366528235,-0.6007524366528235,0.0,0.0,0.0,0.0860676826724045
1923-01-01,0.6851102800907832,-0.9366637836473866,1.1207668833578557,0.6851102800907832,0.6851102800907832,-0.615990381149258,-0.615990381149258,-0.615990381149258,-0.615990381149258,-0.615990381149258,-0.615990381149258,0.0,0.0,0.0,0.06911989894152526
1924-01-01,0.6834004408563383,-0.9453297755665904,1.0739806692648048,0.6834004408563383,0.6834004408563383,-0.6307821523203057,-0.6307821523203057,-0.6307821523203057,-0.6307821523203057,-0.6307821523203057,-0.6307821523203057,0.0,0.0,0.0,0.052618288536032676
1925-01-01,0.6816859171101386,-0.9254676013902596,1.2321034262770563,0.6816859171101386,0.6816859171101386,-0.5850868581395746,-0.5850868581395746,-0.5850868581395746,-0.5850868581395746,-0.5850868581395746,-0.5850868581395746,0.0,0.0,0.0,0.09659905897056398
1926-01-01,0.6799760778550485,-0.957061747725431,1.0504999309322538,0.6799760778550485,0.6799760778550485,-0.6007524366527153,-0.6007524366527153,-0.6007524366527153,-0.6007524366527153,-0.6007524366527153,-0.6007524366527153,0.0,0.0,0.0,0.07922364120233327
1927-01-01,0.6782662385999586,-0.9248230354978829,1.0960627129813434,0.6782662385999586,0.6782662385999586,-0.6159903811491684,-0.6159903811491684,-0.6159903811491684,-0.6159903811491684,-0.6159903811491684,-0.6159903811491684,0.0,0.0,0.0,0.06227585745079023
1928-01-01,0.6765873125135102,-0.9746294570827913,1.0465270995382212,0.6765873125135102,0.6765873125135102,-0.6307821523202326,-0.6307821523202326,-0.6307821523202326,-0.6307821523202326,-0.6307821523202326,-0.6307821523202326,0.0,0.0,0.0,0.04580516019327763
1929-01-01,0.6749037866295646,-0.9589184241736504,1.0910289129831832,0.6749037866295646,0.6749037866295646,-0.5850868581395018,-0.5850868581395018,-0.5850868581395018,-0.5850868581395018,-0.5850868581395018,-0.5850868581395018,0.0,0.0,0.0,0.08981692849006284
1930-01-01,0.6732248605431163,-0.9302822775881094,1.137561512998865,0.6732248605431163,0.6732248605431163,-0.6007524366528124,-0.6007524366528124,-0.6007524366528124,-0.6007524366528124,-0.6007524366528124,-0.6007524366528124,0.0,0.0,0.0,0.07247242389030384
1931-01-01,0.6715459344566678,-0.9631987895054133,1.0579342205628228,0.6715459344566678,0.6715459344566678,-0.6159903811492627,-0.6159903811492627,-0.6159903811492627,-0.6159903811492627,-0.6159903811492627,-0.6159903811492627,0.0,0.0,0.0,0.055555553307405026
1932-01-01,0.6698670085112702,-1.0815782245242214,1.0006693297426401,0.6698670085112702,0.6698670085112702,-0.6307821523203169,-0.6307821523203169,-0.6307821523203169,-0.6307821523203169,-0.6307821523203169,-0.6307821523203169,0.0,0.0,0.0,0.039084856190953365
1933-01-01,0.6681834827687619,-0.9155471614822425,1.114873573323856,0.6681834827687619,0.6681834827687619,-0.5850868581395315,-0.5850868581395315,-0.5850868581395315,-0.5850868581395315,-0.5850868581395315,-0.5850868581395315,0.0,0.0,0.0,0.0830966246292304
1934-01-01,0.6665045568233645,-0.9443109662935305,1.1399551018763185,0.6665045568233645,0.6665045568233645,-0.6007524366528457,-0.6007524366528457,-0.6007524366528457,-0.6007524366528457,-0.6007524366528457,-0.6007524366528457,0.0,0.0,0.0,0.06575212017051879
1935-01-01,0.664825630877967,-0.8975994345058356,1.031782373441829,0.664825630877967,0.664825630877967,-0.615990381149164,-0.615990381149164,-0.615990381149164,-0.615990381149164,-0.615990381149164,-0.615990381149164,0.0,0.0,0.0,0.04883524972880293
1936-01-01,0.6631467055426379,-0.9725495764625808,1.054368879236811,0.6631467055426379,0.6631467055426379,-0.6307821523202509,-0.6307821523202509,-0.6307821523202509,-0.6307821523202509,-0.6307821523202509,-0.6307821523202509,0.0,0.0,0.0,0.03236455322238696
1937-01-01,0.6614631804118694,-0.9607710996278904,1.063465147576117,0.6614631804118694,0.6614631804118694,-0.5850868581394639,-0.5850868581394639,-0.5850868581394639,-0.5850868581394639,-0.5850868581394639,-0.5850868581394639,0.0,0.0,0.0,0.07637632227240543
1938-01-01,0.6597842550765401,-0.8845990387750454,1.0423034746915651,0.6597842550765401,0.6597842550765401,-0.6007524366527781,-0.6007524366527781,-0.6007524366527781,-0.6007524366527781,-0.6007524366527781,-0.6007524366527781,0.0,0.0,0.0,0.05903181842376204
1939-01-01,0.6581053297412109,-0.921255126657187,1.0096898577394193,0.6581053297412109,0.6581053297412109,-0.615990381149218,-0.615990381149218,-0.615990381149218,-0.615990381149218,-0.615990381149218,-0.615990381149218,0.0,0.0,0.0,0.04211494859199294
1940-01-01,0.6564264046048592,-1.0501270295228498,1.015581096563174,0.6564264046048592,0.6564264046048592,-0.6307821523202786,-0.6307821523202786,-0.6307821523202786,-0.6307821523202786,-0.6307821523202786,-0.6307821523202786,0.0,0.0,0.0,0.02564425228458067
1941-01-01,0.6547428796736134,-0.8993685737620297,1.0693636338371781,0.6547428796736134,0.6547428796736134,-0.5850868581395475,-0.5850868581395475,-0.5850868581395475,-0.5850868581395475,-0.5850868581395475,-0.5850868581395475,0.0,0.0,0.0,0.06965602153406592
1942-01-01,0.6530639545372617,-0.9404370179895905,1.0431474028485226,0.6530639545372617,0.6530639545372617,-0.6007524366528422,-0.6007524366528422,-0.6007524366528422,-0.6007524366528422,-0.6007524366528422,-0.6007524366528422,0.0,0.0,0.0,0.05231151788441957
1943-01-01,0.6513850294009099,-1.003107789858125,1.134838292079209,0.6513850294009099,0.6513850294009099,-0.6159903811492384,-0.6159903811492384,-0.6159903811492384,-0.6159903811492384,-0.6159903811492384,-0.6159903811492384,0.0,0.0,0.0,0.03539464825167149
1944-01-01,0.6497061058725992,-0.9420346826864877,0.9819282885413223,0.6497061058725992,0.6497061058725992,-0.6307821523202446,-0.6307821523202446,-0.6307821523202446,-0.6307821523202446,-0.6307821523202446,-0.6307821523202446,0.0,0.0,0.0,0.018923953552354655
1945-01-01,0.6480225825538,-1.0239303504391186,1.1463549048023998,0.6480225825538,0.6480225825538,-0.5850868581395222,-0.5850868581395222,-0.5850868581395222,-0.5850868581395222,-0.5850868581395222,-0.5850868581395222,0.0,0.0,0.0,0.06293572441427775
1946-01-01,0.6463436590254893,-0.970538470327662,0.9838790680813235,0.6463436590254893,0.6463436590254893,-0.6007524366528324,-0.6007524366528324,-0.6007524366528324,-0.6007524366528324,-0.6007524366528324,-0.6007524366528324,0.0,0.0,0.0,0.04559122237265689
1947-01-01,0.6446647354971786,-0.9021991975461968,1.0321080982064452,0.6446647354971786,0.6446647354971786,-0.6159903811492807,-0.6159903811492807,-0.6159903811492807,-0.6159903811492807,-0.6159903811492807,-0.6159903811492807,0.0,0.0,0.0,0.02867435434789789
1948-01-01,0.6429858119843931,-0.9807931380680226,1.070427739767083,0.6429858119843931,0.6429858119843931,-0.6307821523202464,-0.6307821523202464,-0.6307821523202464,-0.6307821523202464,-0.6307821523202464,-0.6307821523202464,0.0,0.0,0.0,0.012203659664146715
1949-01-01,0.6413022886811616,-0.897906470584485,1.1155630653235955,0.6413022886811616,0.6413022886811616,-0.5850868581395324,-0.5850868581395324,-0.5850868581395324,-0.5850868581395324,-0.5850868581395324,-0.5850868581395324,0.0,0.0,0.0,0.05621543054162914
1950-01-01,0.639623365168376,-1.0593756062393487,1.015339458910932,0.639623365168376,0.639623365168376,-0.6007524366528268,-0.6007524366528268,-0.6007524366528268,-0.6007524366528268,-0.6007524366528268,-0.6007524366528268,0.0,0.0,0.0,0.038870928515549186
1951-01-01,0.6379444416555903,-0.9727298667225799,0.9984684870187326,0.6379444416555903,0.6379444416555903,-0.6159903811492867,-0.6159903811492867,-0.6159903811492867,-0.6159903811492867,-0.6159903811492867,-0.6159903811492867,0.0,0.0,0.0,0.021954060506303552
1952-01-01,0.6362655182200534,-1.028081333953642,0.9955340969512849,0.6362655182200534,0.6362655182200534,-0.6307821523202537,-0.6307821523202537,-0.6307821523202537,-0.6307821523202537,-0.6307821523202537,-0.6307821523202537,0.0,0.0,0.0,0.005483365899799697
1953-01-01,0.6345819949942819,-1.0092341053904559,1.0132190698312995,0.6345819949942819,0.6345819949942819,-0.5850868581395698,-0.5850868581395698,-0.5850868581395698,-0.5850868581395698,-0.5850868581395698,-0.5850868581395698,0.0,0.0,0.0,0.049495136854712074
1954-01-01,0.6329030715587449,-1.0145757798822066,1.046978654048822,0.6329030715587449,0.6329030715587449,-0.6007524366528098,-0.6007524366528098,-0.6007524366528098,-0.6007524366528098,-0.6007524366528098,-0.6007524366528098,0.0,0.0,0.0,0.03215063490593517
1955-01-01,0.631224148123208,-1.0348110649115587,1.0104765401888403,0.631224148123208,0.631224148123208,-0.6159903811492669,-0.6159903811492669,-0.6159903811492669,-0.6159903811492669,-0.6159903811492669,-0.6159903811492669,0.0,0.0,0.0,0.015233766973941187
1956-01-01,0.6295452253856604,-0.999619260945439,0.9169616630787795,0.6295452253856604,0.6295452253856604,-0.6307821523202701,-0.6307821523202701,-0.6307821523202701,-0.6307821523202701,-0.6307821523202701,-0.6307821523202701,0.0,0.0,0.0,-0.00123692693460975
1957-01-01,0.6278617028597907,-0.9961919801141302,1.0749087818134635,0.6278617028597907,0.6278617028597907,-0.5850868581395521,-0.5850868581395521,-0.5850868581395521,-0.5850868581395521,-0.5850868581395521,-0.5850868581395521,0.0,0.0,0.0,0.042774844720238625
1958-01-01,0.6261827801222433,-0.9144175091362606,1.0938008163351687,0.6261827801222433,0.6261827801222433,-0.6007524366528368,-0.6007524366528368,-0.6007524366528368,-0.6007524366528368,-0.6007524366528368,-0.6007524366528368,0.0,0.0,0.0,0.025430343469406425
1959-01-01,0.6245038573846957,-1.0327466064929636,1.0714934135446723,0.6245038573846957,0.6245038573846957,-0.6159903811492502,-0.6159903811492502,-0.6159903811492502,-0.6159903811492502,-0.6159903811492502,-0.6159903811492502,0.0,0.0,0.0,0.008513476235445516
1960-01-01,0.6228249349789955,-0.9962631448503783,0.9937227362163441,0.6228249349789955,0.6228249349789955,-0.630782152320263,-0.630782152320263,-0.630782152320263,-0.630782152320263,-0.630782152320263,-0.630782152320263,0.0,0.0,0.0,-0.00795721734126753
1961-01-01,0.6211414127858823,-0.9457164806171852,1.0411934287318192,0.6211414127858823,0.6211414127858823,-0.5850868581395479,-0.5850868581395479,-0.5850868581395479,-0.5850868581395479,-0.5850868581395479,-0.5850868581395479,0.0,0.0,0.0,0.03605455464633445
1962-01-01,0.6194624903801821,-0.9854621632827875,1.0244952226008155,0.6194624903801821,0.6194624903801821,-0.6007524366528255,-0.6007524366528255,-0.6007524366528255,-0.6007524366528255,-0.6007524366528255,-0.6007524366528255,0.0,0.0,0.0,0.018710053727356568
1963-01-01,0.6177835679744819,-0.9895262084218098,1.0267429654237699,0.6177835679744819,0.6177835679744819,-0.6159903811492626,-0.6159903811492626,-0.6159903811492626,-0.6159903811492626,-0.6159903811492626,-0.6159903811492626,0.0,0.0,0.0,0.0017931868252192285
1964-01-01,0.6161046455515795,-0.9755586536182573,0.9547955101920489,0.6161046455515795,0.6161046455515795,-0.6307821523202782,-0.6307821523202782,-0.6307821523202782,-0.6307821523202782,-0.6307821523202782,-0.6307821523202782,0.0,0.0,0.0,-0.014677506768698723
1965-01-01,0.6144211233412171,-1.0362021500852727,1.0687567575398054,0.6144211233412171,0.6144211233412171,-0.5850868581395517,-0.5850868581395517,-0.5850868581395517,-0.5850868581395517,-0.5850868581395517,-0.5850868581395517,0.0,0.0,0.0,0.029334265201665377
1966-01-01,0.6127422009183147,-0.982942564958277,1.0291636196932552,0.6127422009183147,0.6127422009183147,-0.6007524366528334,-0.6007524366528334,-0.6007524366528334,-0.6007524366528334,-0.6007524366528334,-0.6007524366528334,0.0,0.0,0.0,0.011989764265481262
1967-01-01,0.6110632784954122,-0.9478019196812939,1.072852475186346,0.6110632784954122,0.6110632784954122,-0.6159903811492669,-0.6159903811492669,-0.6159903811492669,-0.6159903811492669,-0.6159903811492669,-0.6159903811492669,0.0,0.0,0.0,-0.004927102653854654
1968-01-01,0.6093843561780933,-1.049261097700984,0.9961947224704802,0.6093843561780933,0.6093843561780933,-0.6307821523202842,-0.6307821523202842,-0.6307821523202842,-0.6307821523202842,-0.6307821523202842,-0.6307821523202842,0.0,0.0,0.0,-0.02139779614219095
1969-01-01,0.6077008340736035,-1.0394271181188623,1.0804024013303057,0.6077008340736035,0.6077008340736035,-0.5850868581395533,-0.5850868581395533,-0.5850868581395533,-0.5850868581395533,-0.5850868581395533,-0.5850868581395533,0.0,0.0,0.0,0.022613975934050234
1970-01-01,0.6060219117562847,-0.9814192799076429,0.9854804193010923,0.6060219117562847,0.6060219117562847,-0.6007524366528414,-0.6007524366528414,-0.6007524366528414,-0.6007524366528414,-0.6007524366528414,-0.6007524366528414,0.0,0.0,0.0,0.005269475103443333
1971-01-01,0.6043429894389658,-1.06096352244137,1.0021996776499205,0.6043429894389658,0.6043429894389658,-0.615990381149269,-0.615990381149269,-0.615990381149269,-0.615990381149269,-0.615990381149269,-0.615990381149269,0.0,0.0,0.0,-0.011647391710303157
1972-01-01,0.6026640671290034,-1.0709078936661947,1.0086919292354164,0.6026640671290034,0.6026640671290034,-0.6307821523202826,-0.6307821523202826,-0.6307821523202826,-0.6307821523202826,-0.6307821523202826,-0.6307821523202826,0.0,0.0,0.0,-0.02811808519127912
1973-01-01,0.6009805450318905,-1.0188449106502029,0.9917581083054033,0.6009805450318905,0.6009805450318905,-0.5850868581395556,-0.5850868581395556,-0.5850868581395556,-0.5850868581395556,-0.5850868581395556,-0.5850868581395556,0.0,0.0,0.0,0.015893686892334835
1974-01-01,0.5993016227219281,-0.9136616612665203,0.9611415058196916,0.5993016227219281,0.5993016227219281,-0.6007524366528492,-0.6007524366528492,-0.6007524366528492,-0.6007524366528492,-0.6007524366528492,-0.6007524366528492,0.0,0.0,0.0,-0.0014508139309210577
1975-01-01,0.5976227004055243,-1.0115496729098747,0.9789355122633695,0.5976227004055243,0.5976227004055243,-0.6159903811492703,-0.6159903811492703,-0.6159903811492703,-0.6159903811492703,-0.6159903811492703,-0.6159903811492703,0.0,0.0,0.0,-0.01836768074374595
1976-01-01,0.5959437780891205,-1.0658555719817353,0.9670683409729826,0.5959437780891205,0.5959437780891205,-0.6307821523202853,-0.6307821523202853,-0.6307821523202853,-0.6307821523202853,-0.6307821523202853,-0.6307821523202853,0.0,0.0,0.0,-0.03483837423116487
1977-01-01,0.5942602559855483,-1.0320813020114619,1.0231770771422248,0.5942602559855483,0.5942602559855483,-0.5850868581395601,-0.5850868581395601,-0.5850868581395601,-0.5850868581395601,-0.5850868581395601,-0.5850868581395601,0.0,0.0,0.0,0.009173397845988251
1978-01-01,0.5925813336691444,-0.9807018298537762,1.0248094337592444,0.5925813336691444,0.5925813336691444,-0.600752436652857,-0.600752436652857,-0.600752436652857,-0.600752436652857,-0.600752436652857,-0.600752436652857,0.0,0.0,0.0,-0.008171102983712597
1979-01-01,0.5909024112450362,-1.002315500970111,0.9610119178806716,0.5909024112450362,0.5909024112450362,-0.6159903811492743,-0.6159903811492743,-0.6159903811492743,-0.6159903811492743,-0.6159903811492743,-0.6159903811492743,0.0,0.0,0.0,-0.025087969904238117
1980-01-01,0.589223488820928,-0.9800602669649479,0.9445346566282458,0.589223488820928,0.589223488820928,-0.6307821523202852,-0.6307821523202852,-0.6307821523202852,-0.6307821523202852,-0.6307821523202852,-0.6307821523202852,0.0,0.0,0.0,-0.04155866349935722
1981-01-01,0.5875399666093565,-1.0691915124491569,0.9882279307768855,0.5875399666093565,0.5875399666093565,-0.585086858139573,-0.585086858139573,-0.585086858139573,-0.585086858139573,-0.585086858139573,-0.585086858139573,0.0,0.0,0.0,0.002453108469783527
1982-01-01,0.5858610441852484,-1.0765081663230671,1.0525927341456713,0.5858610441852484,0.5858610441852484,-0.6007524366528458,-0.6007524366528458,-0.6007524366528458,-0.6007524366528458,-0.6007524366528458,-0.6007524366528458,0.0,0.0,0.0,-0.014891392467597409
1983-01-01,0.584182121731868,-0.9882086383727768,0.9321943782256567,0.584182121731868,0.584182121731868,-0.6159903811492701,-0.6159903811492701,-0.6159903811492701,-0.6159903811492701,-0.6159903811492701,-0.6159903811492701,0.0,0.0,0.0,-0.03180825941740206
1984-01-01,0.5825031992784875,-1.0617404325305349,0.9842890536450936,0.5825031992784875,0.5825031992784875,-0.6307821523203033,-0.6307821523203033,-0.6307821523203033,-0.6307821523203033,-0.6307821523203033,-0.6307821523203033,0.0,0.0,0.0,-0.04827895304181584
1985-01-01,0.5808196770375634,-1.038543027690901,0.9410999963501858,0.5808196770375634,0.5808196770375634,-0.5850868581395555,-0.5850868581395555,-0.5850868581395555,-0.5850868581395555,-0.5850868581395555,-0.5850868581395555,0.0,0.0,0.0,-0.00426718110199209
1986-01-01,0.5791407545841829,-1.0110241951974306,0.9664229348019017,0.5791407545841829,0.5791407545841829,-0.6007524366528728,-0.6007524366528728,-0.6007524366528728,-0.6007524366528728,-0.6007524366528728,-0.6007524366528728,0.0,0.0,0.0,-0.021611682068689908
1987-01-01,0.57746183214897,-1.001666653773127,1.008068140202353,0.57746183214897,0.57746183214897,-0.6159903811492535,-0.6159903811492535,-0.6159903811492535,-0.6159903811492535,-0.6159903811492535,-0.6159903811492535,0.0,0.0,0.0,-0.038528549000283574
1988-01-01,0.5757829097137569,-1.1311652321265002,0.9641312506706972,0.5757829097137569,0.5757829097137569,-0.6307821523202929,-0.6307821523202929,-0.6307821523202929,-0.6307821523202929,-0.6307821523202929,-0.6307821523202929,0.0,0.0,0.0,-0.05499924260653599
1989-01-01,0.57409938749105,-1.0429095946944993,1.0341079704333018,0.57409938749105,0.57409938749105,-0.5850868581395346,-0.5850868581395346,-0.5850868581395346,-0.5850868581395346,-0.5850868581395346,-0.5850868581395346,0.0,0.0,0.0,-0.010987470648484599
1990-01-01,0.5724204650558371,-1.0212078517333307,0.9739933754798289,0.5724204650558371,0.5724204650558371,-0.6007524366528557,-0.6007524366528557,-0.6007524366528557,-0.6007524366528557,-0.6007524366528557,-0.6007524366528557,0.0,0.0,0.0,-0.028331971597018613
1991-01-01,0.5707415425081679,-1.0407022559453727,0.9378539518222464,0.5707415425081679,0.5707415425081679,-0.6159903811492888,-0.6159903811492888,-0.6159903811492888,-0.6159903811492888,-0.6159903811492888,-0.6159903811492888,0.0,0.0,0.0,-0.04524883864112095
1992-01-01,0.5690626199604986,-1.110318002003215,0.9302689023206012,0.5690626199604986,0.5690626199604986,-0.6307821523202755,-0.6307821523202755,-0.6307821523202755,-0.6307821523202755,-0.6307821523202755,-0.6307821523202755,0.0,0.0,0.0,-0.061719532359776896
1993-01-01,0.5673790976250275,-1.0426335295911549,0.9480215121652248,0.5673790976250275,0.5673790976250275,-0.5850868581395408,-0.5850868581395408,-0.5850868581395408,-0.5850868581395408,-0.5850868581395408,-0.5850868581395408,0.0,0.0,0.0,-0.017707760514513282
1994-01-01,0.5657001750773583,-1.029920204146231,0.9579047657018089,0.5657001750773583,0.5657001750773583,-0.6007524366528502,-0.6007524366528502,-0.6007524366528502,-0.6007524366528502,-0.6007524366528502,-0.6007524366528502,0.0,0.0,0.0,-0.035052261575491905
1995-01-01,0.5640212525847398,-1.1064330613013134,1.0316188731818696,0.5640212525847398,0.5640212525847398,-0.6159903811492985,-0.6159903811492985,-0.6159903811492985,-0.6159903811492985,-0.6159903811492985,-0.6159903811492985,0.0,0.0,0.0,-0.05196912856455871
1996-01-01,0.5623423300921212,-1.1383598826547205,0.8885707207992766,0.5623423300921212,0.5623423300921212,-0.6307821523202848,-0.6307821523202848,-0.6307821523202848,-0.6307821523202848,-0.6307821523202848,-0.6307821523202848,0.0,0.0,0.0,-0.06843982222816358
1997-01-01,0.5606588078118517,-1.0244146462508994,1.0098984063709258,0.5606588078118517,0.5606588078118517,-0.5850868581395855,-0.5850868581395855,-0.5850868581395855,-0.5850868581395855,-0.5850868581395855,-0.5850868581395855,0.0,0.0,0.0,-0.024428050327733764
1998-01-01,0.5589798853192331,-1.062999588624159,0.990047269731476,0.5589798853192331,0.5589798853192331,-0.6007524366528405,-0.6007524366528405,-0.6007524366528405,-0.6007524366528405,-0.6007524366528405,-0.6007524366528405,0.0,0.0,0.0,-0.041772551333607355
1999-01-01,0.5573009627132756,-1.1666589752816916,0.9126881944280951,0.5573009627132756,0.5573009627132756,-0.6159903811492745,-0.6159903811492745,-0.6159903811492745,-0.6159903811492745,-0.6159903811492745,-0.6159903811492745,0.0,0.0,0.0,-0.05868941843599895
2000-01-01,0.5556220401073181,-1.1759895744313957,0.9214340743190992,0.5556220401073181,0.5556220401073181,-0.6307821523203723,-0.6307821523203723,-0.6307821523203723,-0.6307821523203723,-0.6307821523203723,-0.6307821523203723,0.0,0.0,0.0,-0.07516011221305419
2001-01-01,0.553938517713399,-1.0471747565857634,0.9660323887595027,0.553938517713399,0.553938517713399,-0.5850868581396071,-0.5850868581396071,-0.5850868581396071,-0.5850868581396071,-0.5850868581396071,-0.5850868581396071,0.0,0.0,0.0,-0.031148340426208176
2002-01-01,0.5522595951074414,-1.053016818095064,1.0130911565582534,0.5522595951074414,0.5522595951074414,-0.6007524366529045,-0.6007524366529045,-0.6007524366529045,-0.6007524366529045,-0.6007524366529045,-0.6007524366529045,0.0,0.0,0.0,-0.04849284154546307
2003-01-01,0.5505806725014839,-1.1914213220670489,0.8820850560669603,0.5505806725014839,0.5505806725014839,-0.6159903811493534,-0.6159903811493534,-0.6159903811493534,-0.6159903811493534,-0.6159903811493534,-0.6159903811493534,0.0,0.0,0.0,-0.06540970864786955
2004-01-01,0.5489017498955263,-1.131350316693374,0.9029580257536456,0.5489017498955263,0.5489017498955263,-0.6307821523202525,-0.6307821523202525,-0.6307821523202525,-0.6307821523202525,-0.6307821523202525,-0.6307821523202525,0.0,0.0,0.0,-0.08188040242472616
2005-01-01,0.5472182275016072,-1.0513279662375752,0.9547406839822352,0.5472182275016072,0.5472182275016072,-0.5850868581396642,-0.5850868581396642,-0.5850868581396642,-0.5850868581396642,-0.5850868581396642,-0.5850868581396642,0.0,0.0,0.0,-0.03786863063805701
2006-01-01,0.5455393048956496,-1.087542430418563,0.9314305517578697,0.5455393048956496,0.5455393048956496,-0.6007524366528368,-0.6007524366528368,-0.6007524366528368,-0.6007524366528368,-0.6007524366528368,-0.6007524366528368,0.0,0.0,0.0,-0.05521313175718723
2007-01-01,0.5438603822896921,-1.0987499229690096,0.9097813480886052,0.5438603822896921,0.5438603822896921,-0.6159903811492895,-0.6159903811492895,-0.6159903811492895,-0.6159903811492895,-0.6159903811492895,-0.6159903811492895,0.0,0.0,0.0,-0.07212999885959737
2008-01-01,0.5421814596837345,-1.0624967470583122,0.931655622827634,0.5421814596837345,0.5421814596837345,-0.6307821523203226,-0.6307821523203226,-0.6307821523203226,-0.6307821523203226,-0.6307821523203226,-0.6307821523203226,0.0,0.0,0.0,-0.0886006926365881
2009-01-01,0.5404979372898154,-1.0799551649957015,0.9044164585422194,0.5404979372898154,0.5404979372898154,-0.58508685813956,-0.58508685813956,-0.58508685813956,-0.58508685813956,-0.58508685813956,-0.58508685813956,0.0,0.0,0.0,-0.04458892084974453
2010-01-01,0.5388190146838578,-1.1753744476452954,1.0071098329642465,0.5388190146838578,0.5388190146838578,-0.6007524366528701,-0.6007524366528701,-0.6007524366528701,-0.6007524366528701,-0.6007524366528701,-0.6007524366528701,0.0,0.0,0.0,-0.0619334219690123
2011-01-01,0.5371400920779004,-1.0456154937916997,0.9853803065402216,0.5371400920779004,0.5371400920779004,-0.6159903811493178,-0.6159903811493178,-0.6159903811493178,-0.6159903811493178,-0.6159903811493178,-0.6159903811493178,0.0,0.0,0.0,-0.07885028907141745
2012-01-01,0.5354611694719428,-1.0070941063050662,0.9504360623252187,0.5354611694719428,0.5354611694719428,-0.6307821523203211,-0.6307821523203211,-0.6307821523203211,-0.6307821523203211,-0.6307821523203211,-0.6307821523203211,0.0,0.0,0.0,-0.09532098284837831
2013-01-01,0.5337776470780237,-1.0321303871575784,1.0632470318214406,0.5337776470780237,0.5337776470780237,-0.5850868581396598,-0.5850868581396598,-0.5850868581396598,-0.5850868581396598,-0.5850868581396598,-0.5850868581396598,0.0,0.0,0.0,-0.051309211061636106
2014-01-01,0.5320987244720661,-1.0546025058103023,0.9882789970920128,0.5320987244720661,0.5320987244720661,-0.6007524366529673,-0.6007524366529673,-0.6007524366529673,-0.6007524366529673,-0.6007524366529673,-0.6007524366529673,0.0,0.0,0.0,-0.06865371218090122
2015-01-01,0.5304198018661086,-1.1013333551390085,0.8133126090473868,0.5304198018661086,0.5304198018661086,-0.6159903811492486,-0.6159903811492486,-0.6159903811492486,-0.6159903811492486,-0.6159903811492486,-0.6159903811492486,0.0,0.0,0.0,-0.08557057928314005
2016-01-01,0.5287408792601511,-1.1256508924392101,0.9514917004202927,0.5287408792601511,0.5287408792601511,-0.6307821523203267,-0.6307821523203267,-0.6307821523203267,-0.6307821523203267,-0.6307821523203267,-0.6307821523203267,0.0,0.0,0.0,-0.10204127306017563
2017-01-01,0.5270573568662319,-1.0610621905010995,0.8676490146557322,0.5270573568662319,0.5270573568662319,-0.585086858139565,-0.585086858139565,-0.585086858139565,-0.585086858139565,-0.585086858139565,-0.585086858139565,0.0,0.0,0.0,-0.05802950127333306
2018-01-01,0.5253784342602744,-1.0695631811606163,0.9260299409351291,0.5253784342602744,0.5253784342602744,-0.600752436652859,-0.600752436652859,-0.600752436652859,-0.600752436652859,-0.600752436652859,-0.600752436652859,0.0,0.0,0.0,-0.07537400239258463
2019-01-01,0.5236995116543168,-1.130157300873045,0.9028528715978626,0.5236995116543168,0.5236995116543168,-0.6159903811493288,-0.6159903811493288,-0.6159903811493288,-0.6159903811493288,-0.6159903811493288,-0.6159903811493288,0.0,0.0,0.0,-0.09229086949501197
2020-01-01,0.5220205890483594,-1.121524137745542,0.9508086168353022,0.5220205890483594,0.5220205890483594,-0.6307821523203397,-0.6307821523203397,-0.6307821523203397,-0.6307821523203397,-0.6307821523203397,-0.6307821523203397,0.0,0.0,0.0,-0.10876156327198039
2021-01-01,0.5203370666544402,-1.082472701335383,0.9493569057938696,0.5203370666544402,0.5203370666544402,-0.5850868581395945,-0.5850868581395945,-0.5850868581395945,-0.5850868581395945,-0.5850868581395945,-0.5850868581395945,0.0,0.0,0.0,-0.06474979148515425
2022-01-01,0.5186581440484828,-1.1329314803467643,0.9731977929741136,0.5186581440484828,0.5186581440484828,-0.600752436652987,-0.600752436652987,-0.600752436652987,-0.600752436652987,-0.600752436652987,-0.600752436652987,0.0,0.0,0.0,-0.0820942926045043
2023-01-01,0.5169792214425251,-1.0786764951803944,0.8684232319637627,0.5169792214425251,0.5169792214425251,-0.6159903811493932,-0.6159903811493932,-0.6159903811493932,-0.6159903811493932,-0.6159903811493932,-0.6159903811493932,0.0,0.0,0.0,-0.09901115970686813
2023-12-31,0.5153048986245291,-1.165142842953449,0.8703703003055272,0.5153038840763814,0.5153057750912362,-0.6851364047239631,-0.6851364047239631,-0.6851364047239631,-0.6851364047239631,-0.6851364047239631,-0.6851364047239631,0.0,0.0,0.0,-0.16983150609943398
2024-12-31,0.51362137623061,-1.240544925753169,0.8836277253604305,0.5136183777796106,0.5136240050689147,-0.6451097579277748,-0.6451097579277748,-0.6451097579277748,-0.6451097579277748,-0.6451097579277748,-0.6451097579277748,0.0,0.0,0.0,-0.1314883816971648
2025-12-31,0.5119424536246524,-1.1282915460404541,0.80181343233639,0.5119366487984022,0.5119478038512156,-0.6589557787830685,-0.6589557787830685,-0.6589557787830685,-0.6589557787830685,-0.6589557787830685,-0.6589557787830685,0.0,0.0,0.0,-0.14701332515841614
2026-12-31,0.5102635310186948,-1.2169990234492623,0.788038289066685,0.5102548627056195,0.5102718387858144,-0.6723033938914356,-0.6723033938914356,-0.6723033938914356,-0.6723033938914356,-0.6723033938914356,-0.6723033938914356,0.0,0.0,0.0,-0.16203986287274075
2027-12-31,0.5085846084127373,-1.1996268365509088,0.7589325704838539,0.5085725648486745,0.5085964740473448,-0.6851364047238935,-0.6851364047238935,-0.6851364047238935,-0.6851364047238935,-0.6851364047238935,-0.6851364047238935,0.0,0.0,0.0,-0.17655179631115614
